<datasource jta="false" jndi-name="java:jboss/datasources/Soa" pool-name="Soa" enabled="true" use-ccm="false">
                    <connection-url>jdbc:postgresql://localhost:5432/Soa</connection-url>
                    <driver-class>org.postgresql.Driver</driver-class>
                    <driver>postgresql-9.4-1201.jdbc41.jar</driver>
                    <security>
                        <user-name>postgres</user-name>
                        <password>admin</password>
                    </security>
                    <validation>
                        <validate-on-match>false</validate-on-match>
                        <background-validation>false</background-validation>
                    </validation>
                    <timeout>
                        <set-tx-query-timeout>false</set-tx-query-timeout>
                        <blocking-timeout-millis>0</blocking-timeout-millis>
                        <idle-timeout-minutes>0</idle-timeout-minutes>
                        <query-timeout>0</query-timeout>
                        <use-try-lock>0</use-try-lock>
                        <allocation-retry>0</allocation-retry>
                        <allocation-retry-wait-millis>0</allocation-retry-wait-millis>
                    </timeout>
                    <statement>
                        <share-prepared-statements>false</share-prepared-statements>
                    </statement>
                </datasource>
